<?xml version="1.0" encoding="UTF-8"?>
<feature
      id="ch.graftec.classcycle.plugin.feature"
      label="ClassyclePlugin Feature"
      version="1.1.2"
      provider-name="Graf Technologies">
   <install-handler/>

   <description url="[Enter Feature URL here.]">
      CLassycle Plugin Feature
   </description>

   <copyright url="[Enter Copyright URL here.]">
      Copyright (c) 2004 Graf Technoloiges
   </copyright>

   <license url="[Enter License URL here.]">
      Copyright (c) 2004 Graf Technologies
-----------------------------------------------------------------
Developed by:  
Graf Alain
Graf Technologies GmbH
http://www.graf-tec.ch
-----------------------------------------------------------------
Permission is hereby granted, free of charge, to any person obtaining
a copy of this software and associated documentation files (the
&quot;Software&quot;), to deal in the Software without restriction, including
without limitation the rights to use, copy, modify, merge, publish,
distribute, sublicense, and/or sell copies of the Software, and
to permit persons to whom the Software is furnished to do so,
subject to the following conditions:
The above copyright notice and this permission notice shall be
included in all copies or substantial portions of the Software.
THE SOFTWARE IS PROVIDED &quot;AS IS&quot;, WITHOUT WARRANTY OF ANY KIND,
EXPRESS OR IMPLIED, INCLUDING BUT NOT LIMITED TO THE WARRANTIES
OF MERCHANTABILITY, FITNESS FOR A PARTICULAR PURPOSE AND NONINFRINGEMENT.
IN NO EVENT SHALL THE AUTHORS OR COPYRIGHT HOLDERS BE LIABLE
FOR ANY CLAIM, DAMAGES OR OTHER LIABILITY, WHETHER IN AN ACTION
OF CONTRACT, TORT OR OTHERWISE, ARISING FROM, OUT OF OR IN CONNECTION WITH THE SOFTWARE OR THE USE OR OTHER DEALINGS IN THE SOFTWARE.
   </license>

   <url>
      <update label="Classycle Plugin Update Site" url="http://classycleplugin.graf-tec.ch/update"/>
   </url>

   <requires>
      <import plugin="org.eclipse.ui"/>
      <import plugin="org.eclipse.core.runtime.compatibility"/>
      <import plugin="org.eclipse.jdt.core"/>
      <import plugin="org.eclipse.jdt.ui"/>
      <import plugin="org.eclipse.core.resources"/>
      <import plugin="org.eclipse.draw2d"/>
      <import plugin="org.eclipse.core.runtime"/>
      <import plugin="org.eclipse.jdt.junit"/>
   </requires>

   <plugin
         id="ch.graftec.classcycle.plugin.ClassyclePlugin"
         download-size="0"
         install-size="0"
         version="1.1.2"/>

</feature>
